Engine,Generator Cover,,,,
Engine,Damper,,,,,
Engine,Switch,,,,,
Engine,Stabiliser,,,,,
Engine,Clutch Cover,,,,,
Engine,Camshaft,,,,,
Engine,Gasket,,,,,
Engine,O Ring,,,,,
Engine,Liner,,,,,
Engine,Snap Ring,,,,,
Engine,Valve,,,,,
Engine,Ball,,,,,
Engine,Holder,,,,,
Engine,Banjo,,,,,
Engine,Seal,,,,,
Engine,Cap,,,,,
Engine,Lever,,,,,
Engine,Pipe,,,,,
Engine,Nozzle,,,,,
Engine,Pin,,,,,
Engine,Tensioner,,,,,
Engine,Guide,,,,,
Engine,Tube,,,,,
Engine,Rod,,,,,
Engine,Washer,,,,,
Engine,Plug,,,,,
Engine,Clamp,,,,,
Engine,Spring,,,,,
Engine,Screw,,,,,
Engine,Nut ,,,,,
Engine,Bolt,,,,,
Engine,Shim,,,,,
Engine,Clip,,,,,
Engine,Bearing,,,,,
Engine,Bushing,,,,,
Engine,Connecting Rod,,,,,
Engine,Piston Ring,,,,,
Engine,Piston Pin,,,,,
Engine,Crankcase,,,,,
Engine,Mid Block,,,,,
Engine,Cylinder Head Cover,,,,,
Engine,Cylinder Sleeve,,,,,
Engine,Throttle Body,,,,,
Engine,Injector,,,,,
Engine,Ignition Coil,,,,,
Engine,Distributor,,,,,
Engine,Carburettor,,,,,
Engine,Main Jet,,,,,
Engine,Float,,,,,
Engine,Generator,,,,,
Engine,Alternator,,,,,
Engine,Brushes,,,,,
Engine,Starter Motor,,,,,
Engine,Gear,,,,,
Engine,"Valve, Exhaust",,,,,
Engine,"Valve, Intake",,,,,
Engine,Rocker,,,,,
Engine,Cylinder Head,,,,,
Swingarm,Gasket,,,,,
Swingarm,O Ring,,,,,
Swingarm,Liner,,,,,
Swingarm,Snap Ring,,,,,
Swingarm,Valve,,,,,
Swingarm,Ball,,,,,
Swingarm,Holder,,,,,
Swingarm,Banjo,,,,,
Swingarm,Seal,,,,,
Swingarm,Cap,,,,,
Swingarm,Lever,,,,,
Swingarm,Pipe,,,,,
Swingarm,Nozzle,,,,,
Swingarm,Pin,,,,,
Swingarm,Tensioner,,,,,
Swingarm,Guide,,,,,
Swingarm,Tube,,,,,
Swingarm,Rod,,,,,
Swingarm,Washer,,,,,
Swingarm,Plug,,,,,
Swingarm,Clamp,,,,,
Swingarm,Spring,,,,,
Swingarm,Screw,,,,,
Swingarm,Nut ,,,,,
Swingarm,Bolt,,,,,
Swingarm,Shim,,,,,
Swingarm,Clip,,,,,
Swingarm,Bearing,,,,,
Swingarm,Bushing,,,,,
Swingarm,Screw,,,,,
Swingarm,Nut ,,,,,
Swingarm,Bolt,,,,,
Swingarm,Shim,,,,,
Swingarm,Clip,,,,,
Swingarm,Bearing,,,,,
Swingarm,Bushing,,,,,
Swingarm,Swingarm,,,,,
Swingarm,Stay,,,,,
Swingarm,Damper,,,,,
Swingarm,Bracket,,,,,
Swingarm,Hook,,,,,
Swingarm,Grip,,,,,
Swingarm,Cover,,,,,
Swingarm,Rear Shock,,,,,
Swingarm,Shock Spring,,,,,
Swingarm,Linkage,,,,,
Swingarm,Shock Valve,,,,,
Swingarm,Shock Reservoir,,,,,
Swingarm,Shock Oil,,,,,
Swingarm,Shock Boot,,,,,
Swingarm,Adjustment Knob,,,,,
Swingarm,Air Valve,,,,,
Swingarm,Swingarm Shaft,,,,,
Fittings,Cap,,,,,
Fittings,Lever,,,,,
Fittings,Pipe,,,,,
Fittings,Nozzle,,,,,
Fittings,Pin,,,,,
Fittings,Tensioner,,,,,
Fittings,Guide,,,,,
Fittings,Tube,,,,,
Fittings,Rod,,,,,
Fittings,Washer,,,,,
Fittings,Plug,,,,,
Fittings,Clamp,,,,,
Fittings,Spring,,,,,
Fittings,Screw,,,,,
Fittings,Nut ,,,,,
Fittings,Bolt,,,,,
Fittings,Shim,,,,,
Fittings,Clip,,,,,
Fittings,Bearing,,,,,
Fittings,Bushing,,,,,
Fittings,Screw,,,,,
Fittings,Nut ,,,,,
Fittings,Bolt,,,,,
Fittings,Shim,,,,,
Fittings,Clip,,,,,
Fittings,Bearing,,,,,
Fittings,Bushing,,,,,
Fittings,Fender,,,,,
Fittings,Peg,,,,,
Fittings,Collar,,,,,
Fittings,Circlip,,,,,
Fittings,Rear Fender,,,,,
Fittings,Front Fender,,,,,
Fittings,Seat Cover,,,,,
Fittings,Tail Tidy,,,,,
Frame,Breather,,,,,
Frame,Pin,,,,,
Frame,Tensioner,,,,,
Frame,Guide,,,,,
Frame,Tube,,,,,
Frame,Rod,,,,,
Frame,Washer,,,,,
Frame,Plug,,,,,
Frame,Clamp,,,,,
Frame,Spring,,,,,
Frame,Screw,,,,,
Frame,Nut ,,,,,
Frame,Bolt,,,,,
Frame,Shim,,,,,
Frame,Clip,,,,,
Frame,Bearing,,,,,
Frame,Bushing,,,,,
Frame,Engine Mount,,,,,
Frame,Engine Bracket,,,,,
Frame,Frame,,,,,
Frame,Subframe,,,,,
Frame,Panel,,,,,
Brakes,O Ring,,,,,
Brakes,Liner,,,,,
Brakes,Snap Ring,,,,,
Brakes,Valve,,,,,
Brakes,Ball,,,,,
Brakes,Holder,,,,,
Brakes,Banjo,,,,,
Brakes,Seal,,,,,
Brakes,Cap,,,,,
Brakes,Lever,,,,,
Brakes,Pipe,,,,,
Brakes,Nozzle,,,,,
Brakes,Pin,,,,,
Brakes,Tensioner,,,,,
Brakes,Guide,,,,,
Brakes,Tube,,,,,
Brakes,Rod,,,,,
Brakes,Washer,,,,,
Brakes,Plug,,,,,
Brakes,Clamp,,,,,
Brakes,Spring,,,,,
Brakes,Screw,,,,,
Brakes,Nut ,,,,,
Brakes,Bolt,,,,,
Brakes,Shim,,,,,
Brakes,Clip,,,,,
Brakes,Bearing,,,,,
Brakes,Bushing,,,,,
Brakes,Gasket,,,,,
Brakes,Piston,,,,,
Brakes,Boot,,,,,
Brakes,Caliper,,,,,
Brakes,Holder,,,,,
Brakes,Packing,,,,,
Brakes,Brake Pad,,,,,
Brakes,Brake Disc,,,,,
Fork,Handlebar,,,,,
Fork,Gasket,,,,,
Fork,O Ring,,,,,
Fork,Liner,,,,,
Fork,Snap Ring,,,,,
Fork,Valve,,,,,
Fork,Ball,,,,,
Fork,Holder,,,,,
Fork,Banjo,,,,,
Fork,Seal,,,,,
Fork,Cap,,,,,
Fork,Lever,,,,,
Fork,Pipe,,,,,
Fork,Nozzle,,,,,
Fork,Pin,,,,,
Fork,Tensioner,,,,,
Fork,Guide,,,,,
Fork,Tube,,,,,
Fork,Rod,,,,,
Fork,Washer,,,,,
Fork,Plug,,,,,
Fork,Clamp,,,,,
Fork,Spring,,,,,
Fork,Screw,,,,,
Fork,Nut ,,,,,
Fork,Bolt,,,,,
Fork,Shim,,,,,
Fork,Clip,,,,,
Fork,Bearing,,,,,
Fork,Bushing,,,,,
Fork,Stanchion,,,,,
Fork,Upper,,,,,
Fork,Headset,,,,,
Fork,Riser,,,,,
Fork,Triple Clamp,,,,,
Fork,Spacer,,,,,
Fork,Cylinder,,,,,
Fork,Pipe,,,,,
Fork,Damper Valve,,,,,
Fork,Fork Spring,,,,,
Brakes,Master Cylinder,,,,, 
Brakes,Lever,,,,,
Brakes,Boot,,,,,
Brakes,Hose,,,,,
Brakes,Switch,,,,,
Brakes,Stopper,,,,,
Brakes,Joint,,,,,
Brakes,Band,,,,,
Brakes,Plug,,,,,
Wheelset,Tire,,,,,
Wheelset,Wheel,,,,,
Wheelset,Spoke ,,,,,
Wheelset,Spoke Nipple,,,,,
Wheelset,Valve,,,,,
Wheelset,Tire Tube,,,,,
Wheelset,Pin,,,,,
Wheelset,Tensioner,,,,,
Wheelset,Guide,,,,,
Wheelset,Tube,,,,,
Wheelset,Rod,,,,,
Wheelset,Washer,,,,,
Wheelset,Plug,,,,,
Wheelset,Clamp,,,,,
Wheelset,Spring,,,,,
Wheelset,Screw,,,,,
Wheelset,Nut ,,,,,
Wheelset,Bolt,,,,,
Wheelset,Shim,,,,,
Wheelset,Clip,,,,,
Wheelset,Spacer,,,,,
Wheelset,Collar,,,,,
Wheelset,Speedometer Gear,,,,,
Wheelset,ABS Sensor,,,,,
Wheelset,Sensor Ring,,,,,
Wheelset,Mount,,,,,
Wheelset,Axle,,,,,
Wheelset,Speedometer Receiver,,,,,
Wheelset,Hub Sprocket,,,,,
Wheelset,Damper,,,,,
Wheelset,Drive Chain,,,,,
Wheelset,Coupling,,,,,
Wheelset,Cotter Pin,,,,,
Wheelset,Stud,,,,,
Wheelset,Sleeve,,,,,
Wheelset,Cush Drive,,,,,
Accessories,Gasket,,,,,
Accessories,O Ring,,,,,
Accessories,Liner,,,,,
Accessories,Snap Ring,,,,,
Accessories,Valve,,,,,
Accessories,Ball,,,,,
Accessories,Holder,,,,,
Accessories,Banjo,,,,,
Accessories,Seal,,,,,
Accessories,Cap,,,,,
Accessories,Lever,,,,,
Accessories,Pipe,,,,,
Accessories,Nozzle,,,,,
Accessories,Pin,,,,,
Accessories,Tensioner,,,,,
Accessories,Guide,,,,,
Accessories,Tube,,,,,
Accessories,Rod,,,,,
Accessories,Washer,,,,,
Accessories,Plug,,,,,
Accessories,Clamp,,,,,
Accessories,Spring,,,,,
Accessories,Screw,,,,,
Accessories,Nut ,,,,,
Accessories,Bolt,,,,,
Accessories,Shim,,,,,
Accessories,Clip,,,,,
Accessories,Bearing,,,,,
Accessories,Bushing,,,,,
Fueling,Fuel Tank,,,,,
Fueling,Fuel Pump,,,,,
Fueling,Fuel Filter,,,,,
Fueling,Gasket,,,,,
Fueling,O Ring,,,,,
Fueling,Liner,,,,,
Fueling,Snap Ring,,,,,
Fueling,Valve,,,,,
Fueling,Ball,,,,,
Fueling,Holder,,,,,
Fueling,Banjo,,,,,
Fueling,Seal,,,,,
Fueling,Cap,,,,,
Fueling,Lever,,,,,
Fueling,Pipe,,,,,
Fueling,Nozzle,,,,,
Fueling,Pin,,,,,
Fueling,Tensioner,,,,,
Fueling,Guide,,,,,
Fueling,Tube,,,,,
Fueling,Rod,,,,,
Fueling,Washer,,,,,
Fueling,Plug,,,,,
Fueling,Clamp,,,,,
Fueling,Spring,,,,,
Fueling,Screw,,,,,
Fueling,Nut ,,,,,
Fueling,Bolt,,,,,
Fueling,Shim,,,,,
Fueling,Clip,,,,,
Fueling,Bearing,,,,,
Fueling,Bushing,,,,,
Fueling,Damper,,,,,
Fueling,Tube,,,,,
Fueling,Fuel Cap,,,,,
Fueling,Fuel Cap Lock,,,,,
Fueling,Fuel Sensor,,,,,
Fueling,Diaphragm,,,,,
Fueling,Tap Assembly,,,,,
Fueling,Fuel Petcock,,,,,
Fueling,Fuel Valve,,,,,
Transmission,Gasket,,,,,
Transmission,O Ring,,,,,
Transmission,Liner,,,,,
Transmission,Snap Ring,,,,,
Transmission,Valve,,,,,
Transmission,Ball,,,,,
Transmission,Holder,,,,,
Transmission,Banjo,,,,,
Transmission,Seal,,,,,
Transmission,Cap,,,,,
Transmission,Lever,,,,,
Transmission,Pipe,,,,,
Transmission,Nozzle,,,,,
Transmission,Pin,,,,,
Transmission,Tensioner,,,,,
Transmission,Guide,,,,,
Transmission,Tube,,,,,
Transmission,Rod,,,,,
Transmission,Washer,,,,,
Transmission,Plug,,,,,
Transmission,Clamp,,,,,
Transmission,Spring,,,,,
Transmission,Screw,,,,,
Transmission,Nut ,,,,,
Transmission,Bolt,,,,,
Transmission,Shim,,,,,
Transmission,Clip,,,,,
Transmission,Bearing,,,,,
Transmission,Bushing,,,,,
Transmission,Input Gear,,,,,
Transmission,Output Gear,,,,,
Transmission,"Race, Input Shaft",,,,,
Transmission,Input Shaft,,,,,
Transmission,Output Sprocket,,,,,
Transmission,Input Shaft,,,,,
Transmission,Output Shaft,,,,,
Transmission,Needle Bearing,,,,,
Transmission,Change Drum Holder,,,,,
Transmission,Selector,,,,,
Transmission,Shift Rod,,,,,
Transmission,Plate Position Rod,,,,,
Transmission,Plate Position Drum,,,,,
Transmission,Change Dum Assy,,,,,
Transmission,Input Shift Fork,,,,,
Transmission,Output Shift Fork,,,,,
Transmission,Shift Lever,,,,,
Transmission,Pawl,,,,,
Transmission,Change Shaft,,,,,
Transmission,Countershaft Sprocket,,,,,
Transmission,Plate,,,,,
Transmission,Damper,,,,,
Engine,Rotor,,,,,
Engine,Regulator,,,,,
Engine,Pulley,,,,,
Engine,Belt,,,,,
Engine,Rectifier,,,,,
Engine,Bracket,,,,,
Engine,Pulley Lock Nut,,,,,
Engine,Insulator,,,,,
Engine,Lead,,,,,
Engine,Wire,,,,,
Engine,Engine Oil,,,,,
Engine,Oil Filter,,,,,
Engine,Spark Plug,,,,,
Engine,Oneway Clutch,,,,,
Engine,Needle Bearing,,,,,
Engine,Chain,,,,,
Engine,Boss,,,,,
Fittings,Tail Fairings,,,,,
Fittings,Side Fairing,,,,,
Fittings,Lower Fairings,,,,,
Fittings,Bash Guard,,,,,
Fittings,Windshield,,,,,
Fittings,Flyshield,,,,,
Fittings,Mirrors,,,,,
Fittings,Mudgaurd,,,,,
Fittings,SplashGuard,,,,,
Fittings,Beak,,,,,
Fittings,Cowl,,,,,
Fittings,Spoiler,,,,,
Fittings,Kneegrips,,,,,
Fittings,Kneegrip Cover,,,,,
Fittings,Side Stand,,,,,
Fittings,Sensor,,,,,
Fittings,Side Stand Bracket,,,,,
Fittings,Main Stand,,,,,
Fittings,Main Stand Bracket,,,,,
Electronics,Gasket,,,,,
Electronics,O Ring,,,,,
Electronics,Liner,,,,,
Electronics,Snap Ring,,,,,
Electronics,Valve,,,,,
Electronics,Ball,,,,,
Electronics,Holder,,,,,
Electronics,Banjo,,,,,
Electronics,Seal,,,,,
Electronics,Cap,,,,,
Electronics,Lever,,,,,
Electronics,Pipe,,,,,
Electronics,Nozzle,,,,,
Electronics,Pin,,,,,
Electronics,Tensioner,,,,,
Electronics,Guide,,,,,
Electronics,Tube,,,,,
Electronics,Rod,,,,,
Electronics,Washer,,,,,
Electronics,Plug,,,,,
Electronics,Clamp,,,,,
Electronics,Spring,,,,,
Electronics,Screw,,,,,
Electronics,Nut ,,,,,
Electronics,Bolt,,,,,
Electronics,Shim,,,,,
Electronics,Clip,,,,,
Electronics,Bearing,,,,,
Electronics,Bushing,,,,,
Electronics,Fuse,,,,,
Electronics,Wiring Harness,,,,,
Electronics,Adaptor,,,,,
Electronics,Socket,,,,,
Electronics,Lamp,,,,,
Electronics,Plate,,,,,
Electronics,Bulb,,,,,
Electronics,Lens,,,,,
Electronics,Bracket,,,,,
Electronics,Collar,,,,,
Electronics,Wire,,,,,
Electronics,Plug,,,,,
Electronics,Grommet,,,,,
Electronics,Relay,,,,,
Electronics,Horn,,,,,
Electronics,Switch,,,,,
Electronics,Diode,,,,,
Electronics,Battery,,,,,
Electronics,Wire Lead,,,,,
Electronics,Band,,,,,
Electronics,Fusebox,,,,,
Electronics,Switch Gear,,,,,
Electronics,Indicator Assy,,,,,
Electronics,Headlight Assy,,,,,
Electronics,Brake Lamp Switch,,,,,
Electronics,Ignition Lock,,,,,
Electronics,Ignition Key,,,,,
Electronics,Reflector Cover,,,,,
Electronics,Instrument Cluster,,,,,
Electronics,Pulsing Coil,,,,,
Electronics,Igniter Damper,,,,,
Electronics,Igniter,,,,,
Electronics,Plug Cap,,,,,
Electronics,Speedometer,,,,,
Electronics,Tachometer,,,,,
Electronics,Fuel Meter,,,,,
Electronics,Trip Reset Knob,,,,,
Electronics,Temperature Meter,,,,,
Electronics,Temperatur Sensor,,,,,
Electronics,Mass Air Flow Sensor,,,,,
Electronics,Exhaust Gas Temperature Sensor,,,,,
Electronics,Lambda Sensor,,,,,
Electronics,Pressure Sensor,,,,,
Electronics,Oil Pressure Sensor,,,,,
Cooling System,Gasket,,,,,
Cooling System,O Ring,,,,,
Cooling System,Liner,,,,,
Cooling System,Snap Ring,,,,,
Cooling System,Valve,,,,,
Cooling System,Ball,,,,,
Cooling System,Holder,,,,,
Cooling System,Banjo,,,,,
Cooling System,Seal,,,,,
Cooling System,Cap,,,,,
Cooling System,Lever,,,,,
Cooling System,Pipe,,,,,
Cooling System,Nozzle,,,,,
Cooling System,Pin,,,,,
Cooling System,Tensioner,,,,,
Cooling System,Guide,,,,,
Cooling System,Tube,,,,,
Cooling System,Rod,,,,,
Cooling System,Washer,,,,,
Cooling System,Plug,,,,,
Cooling System,Clamp,,,,,
Cooling System,Spring,,,,,
Cooling System,Screw,,,,,
Cooling System,Nut ,,,,,
Cooling System,Bolt,,,,,
Cooling System,Shim,,,,,
Cooling System,Clip,,,,,
Cooling System,Bearing,,,,,
Cooling System,Bushing,,,,,
Cooling System,Thermostat,,,,,
Cooling System,Pipe,,,,,
Cooling System,Hose,,,,,
Cooling System,Breather ,,,,,
Cooling System,Reservoir,,,,,
Cooling System,Canister,,,,,
Cooling System,Water Pump,,,,,
Cooling System,Radiator,,,,,
Cooling System,Radiator Fan,,,,,
Cooling System,Screen,,,,,
Cooling System,Cover,,,,,
Cooling System,Reservoir Cap,,,,,
Cooling System,Water Temperature Sensor,,,,,
Cooling System,Pressure Cap,,,,,
Cooling System,Bracket,,,,,
Cooling System,Mount,,,,,
Cooling System,Fan Switch,,,,,
Frame,Airbox,,,,,
Frame,Air Filter,,,,,
Frame,Air Filter Element,,,,,
Frame,Duct,,,,,
Frame,Air Filter Cap,,,,,
Frame,Hose,,,,,
Frame,Snorkel,,,,,
Frame,Breather,,,,,
Frame,Drain Plug,,,,,
Fittings,Reflector,,,,,
Fork,Handguards,,,,,
Fork,Grips,,,,,
Engine,Clutch Basket,,,,,
Engine,Clutch Plate,,,,,
Engine,Clutch Hub,,,,,
Engine,Clutch Release Assy,,,,,
Engine,Clutch Thrust Washer,,,,,
Engine,Clutch Cable,,,,,
Engine,Throttle Cable,,,,,
Engine,Oil Sump,,,,,
Engine,Oil Pan,,,,,
Engine,Exhasut Manifold,,,,,
Engine,Muffler,,,,,
Engine,Silencer,,,,,
Engine,Catalytic Converter,,,,,
Engine,Oil Cooler,,,,,
Engine,Oil Pump Rotor,,,,,
Engine,Starter Solenoid,,,,,
Engine,Power Valve,,,,,
Engine,Collet,,,,,
Accessories,Pannier Rack,,,,,
Accessories,Pannier Box,,,,,
Accessories,Top Rack,,,,,
Accessories,Top Box,,,,,
Accessories,Auxiliary Headlight,,,,,
Accessories,Engine Guard,,,,,
Accessories,Crash Gaurds,,,,,
Accessories,Front Axle Sliders,,,,,
Accessories,Frame Sliders,,,,,
Accessories,Bobbins,,,,,
Accessories,Radiator Guard,,,,,
Accessories,Fuel Tank,,,,,
Accessories,Water Tank,,,,,
Accessories,Trim Lights,,,,,
Accessories,Daytime Running Lights,,,,,
Accessories,Helmet Lock,,,,,
Accessories,GPS Mount,,,,,
Accessories,Cellphone Mount,,,,,
Accessories,Mirrors,,,,,
Accessories,Fairing,,,,,
Accessories,Stickers,,,,,
Accessories,Rearsets,,,,,
Accessories,Dropper Bars,,,,,
Accessories,Clip On Bars,,,,,
                                 